{
  "Ansi 5 Color" : {
    "Red Component" : 0.69019609689712524,
    "Color Space" : "sRGB",
    "Blue Component" : 0.94117647409439087,
    "Alpha Component" : 1,
    "Green Component" : 0.51372551918029785
  },
  "Tags" : [

  ],
  "Ansi 12 Color" : {
    "Red Component" : 0.42352941632270813,
    "Color Space" : "sRGB",
    "Blue Component" : 1,
    "Alpha Component" : 1,
    "Green Component" : 0.7137255072593689
  },
  "Link Color" : {
    "Red Component" : 0.32549020648002625,
    "Color Space" : "sRGB",
    "Blue Component" : 0.96078431606292725,
    "Alpha Component" : 1,
    "Green Component" : 0.60784316062927246
  },
  "Draw Powerline Glyphs" : false,
  "Bold Color" : {
    "Red Component" : 0.46274510025978088,
    "Color Space" : "sRGB",
    "Blue Component" : 0.56470590829849243,
    "Alpha Component" : 1,
    "Green Component" : 0.51372551918029785
  },
  "Ansi 7 Color" : {
    "Red Component" : 0.56470590829849243,
    "Color Space" : "sRGB",
    "Blue Component" : 0.67058825492858887,
    "Alpha Component" : 1,
    "Green Component" : 0.61568629741668701
  },
  "Ansi 8 Color" : {
    "Red Component" : 0.38823530077934265,
    "Color Space" : "sRGB",
    "Blue Component" : 0.48235294222831726,
    "Alpha Component" : 1,
    "Green Component" : 0.43137255311012268
  },
  "Ansi 9 Color" : {
    "Red Component" : 1,
    "Color Space" : "sRGB",
    "Blue Component" : 0.54117649793624878,
    "Alpha Component" : 1,
    "Green Component" : 0.57647061347961426
  },
  "Rows" : 25,
  "Default Bookmark" : "No",
  "Guid" : "37A47369-3FEE-49EB-8EE0-9A0A3D379EC0",
  "Blend" : 0.3984819406702898,
  "Horizontal Spacing" : 1,
  "Cursor Guide Color" : {
    "Red Component" : 1,
    "Color Space" : "sRGB",
    "Blue Component" : 1,
    "Alpha Component" : 0.019607843137254902,
    "Green Component" : 1
  },
  "Non-ASCII Anti Aliased" : true,
  "Use Bright Bold" : true,
  "Ansi 10 Color" : {
    "Red Component" : 0.41960784792900085,
    "Color Space" : "sRGB",
    "Blue Component" : 0.42745098471641541,
    "Alpha Component" : 1,
    "Green Component" : 0.76862746477127075
  },
  "Ambiguous Double Width" : false,
  "Jobs to Ignore" : [
    "rlogin",
    "ssh",
    "slogin",
    "telnet"
  ],
  "Ansi 15 Color" : {
    "Red Component" : 0.80392158031463623,
    "Color Space" : "sRGB",
    "Blue Component" : 0.89803922176361084,
    "Alpha Component" : 1,
    "Green Component" : 0.85098040103912354
  },
  "Foreground Color" : {
    "Red Component" : 0.46274510025978088,
    "Color Space" : "sRGB",
    "Blue Component" : 0.56470590829849243,
    "Alpha Component" : 1,
    "Green Component" : 0.51372551918029785
  },
  "Working Directory" : "\/Users\/razcohen",
  "Blinking Cursor" : false,
  "Disable Window Resizing" : true,
  "Sync Title" : false,
  "Prompt Before Closing 2" : false,
  "BM Growl" : true,
  "Mouse Reporting" : true,
  "Command" : "",
  "Description" : "Default",
  "Space" : 0,
  "Screen" : -1,
  "Selection Color" : {
    "Red Component" : 0.33165043592453003,
    "Color Space" : "sRGB",
    "Blue Component" : 0.37054044008255005,
    "Alpha Component" : 1,
    "Green Component" : 0.3491663932800293
  },
  "Initial Use Transparency" : false,
  "Columns" : 80,
  "Idle Code" : 0,
  "Ansi 13 Color" : {
    "Red Component" : 0.86274510622024536,
    "Color Space" : "sRGB",
    "Blue Component" : 0.9843137264251709,
    "Alpha Component" : 1,
    "Green Component" : 0.74117648601531982
  },
  "Brighten Bold Text" : true,
  "Custom Command" : "No",
  "Use Custom Window Title" : false,
  "ASCII Anti Aliased" : true,
  "Non Ascii Font" : "Monaco 12",
  "Vertical Spacing" : 1,
  "Use Bold Font" : true,
  "Option Key Sends" : 0,
  "Selected Text Color" : {
    "Red Component" : 0.45682883262634277,
    "Color Space" : "sRGB",
    "Blue Component" : 0.56968343257904053,
    "Alpha Component" : 1,
    "Green Component" : 0.51439452171325684
  },
  "Background Color" : {
    "Red Component" : 0.10980392247438431,
    "Color Space" : "sRGB",
    "Blue Component" : 0.15686275064945221,
    "Alpha Component" : 1,
    "Green Component" : 0.12941177189350128
  },
  "Character Encoding" : 4,
  "Ansi 11 Color" : {
    "Red Component" : 0.85490196943283081,
    "Color Space" : "sRGB",
    "Blue Component" : 0.24705882370471954,
    "Alpha Component" : 1,
    "Green Component" : 0.66666668653488159
  },
  "Use Italic Font" : true,
  "Unlimited Scrollback" : false,
  "Keyboard Map" : {
    "0xf700-0x260000" : {
      "Text" : "[1;6A",
      "Action" : 10
    },
    "0x37-0x40000" : {
      "Text" : "0x1f",
      "Action" : 11
    },
    "0x32-0x40000" : {
      "Text" : "0x00",
      "Action" : 11
    },
    "0xf709-0x20000" : {
      "Text" : "[17;2~",
      "Action" : 10
    },
    "0xf70c-0x20000" : {
      "Text" : "[20;2~",
      "Action" : 10
    },
    "0xf729-0x20000" : {
      "Text" : "[1;2H",
      "Action" : 10
    },
    "0xf72b-0x40000" : {
      "Text" : "[1;5F",
      "Action" : 10
    },
    "0xf705-0x20000" : {
      "Text" : "[1;2Q",
      "Action" : 10
    },
    "0xf703-0x260000" : {
      "Text" : "[1;6C",
      "Action" : 10
    },
    "0xf700-0x220000" : {
      "Text" : "[1;2A",
      "Action" : 10
    },
    "0xf701-0x280000" : {
      "Text" : "0x1b 0x1b 0x5b 0x42",
      "Action" : 11
    },
    "0x38-0x40000" : {
      "Text" : "0x7f",
      "Action" : 11
    },
    "0x33-0x40000" : {
      "Text" : "0x1b",
      "Action" : 11
    },
    "0xf703-0x220000" : {
      "Text" : "[1;2C",
      "Action" : 10
    },
    "0xf701-0x240000" : {
      "Text" : "[1;5B",
      "Action" : 10
    },
    "0xf70d-0x20000" : {
      "Text" : "[21;2~",
      "Action" : 10
    },
    "0xf702-0x260000" : {
      "Text" : "[1;6D",
      "Action" : 10
    },
    "0xf729-0x40000" : {
      "Text" : "[1;5H",
      "Action" : 10
    },
    "0xf706-0x20000" : {
      "Text" : "[1;2R",
      "Action" : 10
    },
    "0x34-0x40000" : {
      "Text" : "0x1c",
      "Action" : 11
    },
    "0xf700-0x280000" : {
      "Text" : "0x1b 0x1b 0x5b 0x41",
      "Action" : 11
    },
    "0x2d-0x40000" : {
      "Text" : "0x1f",
      "Action" : 11
    },
    "0xf70e-0x20000" : {
      "Text" : "[23;2~",
      "Action" : 10
    },
    "0xf702-0x220000" : {
      "Text" : "[1;2D",
      "Action" : 10
    },
    "0xf703-0x280000" : {
      "Text" : "0x1b 0x1b 0x5b 0x43",
      "Action" : 11
    },
    "0xf700-0x240000" : {
      "Text" : "[1;5A",
      "Action" : 10
    },
    "0xf707-0x20000" : {
      "Text" : "[1;2S",
      "Action" : 10
    },
    "0xf70a-0x20000" : {
      "Text" : "[18;2~",
      "Action" : 10
    },
    "0x35-0x40000" : {
      "Text" : "0x1d",
      "Action" : 11
    },
    "0xf70f-0x20000" : {
      "Text" : "[24;2~",
      "Action" : 10
    },
    "0xf703-0x240000" : {
      "Text" : "[1;5C",
      "Action" : 10
    },
    "0xf701-0x260000" : {
      "Text" : "[1;6B",
      "Action" : 10
    },
    "0xf702-0x280000" : {
      "Text" : "0x1b 0x1b 0x5b 0x44",
      "Action" : 11
    },
    "0xf72b-0x20000" : {
      "Text" : "[1;2F",
      "Action" : 10
    },
    "0x36-0x40000" : {
      "Text" : "0x1e",
      "Action" : 11
    },
    "0xf708-0x20000" : {
      "Text" : "[15;2~",
      "Action" : 10
    },
    "0xf701-0x220000" : {
      "Text" : "[1;2B",
      "Action" : 10
    },
    "0xf70b-0x20000" : {
      "Text" : "[19;2~",
      "Action" : 10
    },
    "0xf702-0x240000" : {
      "Text" : "[1;5D",
      "Action" : 10
    },
    "0xf704-0x20000" : {
      "Text" : "[1;2P",
      "Action" : 10
    }
  },
  "Window Type" : 12,
  "Blur Radius" : 64,
  "Cursor Boost" : 0,
  "Background Image Location" : "",
  "Blur" : true,
  "Badge Color" : {
    "Red Component" : 0.97647058963775635,
    "Color Space" : "sRGB",
    "Blue Component" : 0.42352941632270813,
    "Alpha Component" : 0.5,
    "Green Component" : 0.50980395078659058
  },
  "Scrollback Lines" : 1000,
  "Send Code When Idle" : false,
  "Close Sessions On End" : true,